Code,Area
ABT,662026.7018
AFG,643570.8398
AGE,1125910.734
AGS,785187.146
AGW,876409.2432
ALA,134787.2715
ALB,28703.02926
ALD,184.2386585
ALG,2326140.094
ALT,262908.1963
ALU,12601.7411
AMU,360888.0678
AND,5972.236138
ANG,1248060.911
ANT,295936.3514
ARI,294962.3545
ARK,137856.909
ARU,207.6523441
ASC,99.05334353
ASK,1492000.107
ASP,72.11285993
ASS,172016.3963
ATP,859.764926
AUT,84083.0011
AZO,2105.428703
BAH,12870.55646
BAL,5108.136835
BAN,139451.4532
BEN,116911.0443
BER,40.3664444
BGM,33181.45406
BIS,49247.29862
BKN,274000.6863
BLR,207317.79
BLT,188709.3891
BLZ,22259.36015
BOL,1092614.047
BOR,745138.2327
BOT,581112.9795
BOU,58.13658882
BRC,944751.2791
BRY,351672.98
BUL,111066.2508
BUR,27363.33989
BZC,1617304.522
BZE,1554214.182
BZL,928972.7273
BZN,3857888.489
BZS,566837.7375
CAB,7027.832162
CAF,622627.8498
CAL,408587.0758
CAY,308.0156368
CBD,183114.5693
CGS,105.1517619
CHA,1279148.433
CHC,1312735.978
CHH,34205.54723
CHI,1203297.469
CHM,790162.1689
CHN,1112280.416
CHQ,735728.5433
CHS,1430534.219
CHT,1137215.474
CHX,1633329.246
CKI,28.91385571
CLC,186888.7992
CLM,1143173.105
CLN,260768.5941
CLS,299276.7605
CMN,467859.3365
CNT,12853.32608
CNY,7548.989361
COL,270543.5991
COM,2186.833667
CON,346353.4849
COO,202.0649317
COR,8788.83107
COS,51387.75695
CPI,32.0287831
CPP,663604.8211
CPV,20201.12868
CRL,1289.820605
CRZ,353.4743074
CTA,431070.0675
CTM,705.6158578
CUB,110516.9789
CVI,3545.344599
CYP,9279.838109
CZE,127559.6204
DEL,5075.75234
DEN,42852.50926
DJI,21566.73324
DOM,48675.27364
DSV,6.027288932
EAI,5605.823713
EAS,189.7417256
ECU,249571.9363
EGY,930060.3468
EHM,132720.4566
ELS,20708.29767
EQG,25061.37059
ERI,121736.8728
ETH,1134755.505
FAL,11733.07017
FIJ,19424.87709
FIN,334536.6843
FLA,147116.5832
FOR,1593.555971
FRA,539405.4181
FRG,84183.699
GAB,262446.6731
GAL,7993.833318
GAM,10780.00939
GEO,152897.1562
GER,357077.8299
GGI,3214.534548
GHA,240579.0832
GIL,451.981286
GNB,34178.33008
GNL,429889.8972
GRB,230664.6594
GRC,117703.7815
GST,82777.80232
GUA,109622.0454
GUI,246603.5963
GUY,212076.8709
HAI,27405.975
HAW,16957.52822
HBI,4.952412386
HMD,401.8810939
HON,112817.6105
HUN,92942.70764
ICE,102508.6746
IDA,216463.5959
ILL,150360.1986
IND,2682362.888
INI,94889.63829
IOW,145369.2603
IRE,83838.18989
IRK,771625.1348
IRN,1628061.028
IRQ,437468.0959
ITA,250858.3708
IVO,323448.3994
JAM,11098.53144
JAP,371235.1418
JAW,131603.4086
JNF,152.0491205
KAM,462810.6337
KAN,212293.4876
KAZ,2721520.23
KEG,7456.712347
KEN,585763.8005
KER,50.22912458
KGZ,199752.7589
KHA,821017.3951
KOR,220608.9316
KRA,2378740.434
KRI,8631.291207
KRY,25626.13135
KTY,104324.4868
KUR,10648.71128
KUW,16870.89457
KZN,41.32451287
LAB,286751.7899
LAO,231157.4295
LBR,96656.35725
LBS,198639.2467
LBY,1623959.603
LDV,60.88846013
LEE,3434.594831
LES,30644.67815
LIN,623.6412658
LOU,119503.5131
LSI,105825.3252
MAG,1173065.259
MAI,84021.9096
MAN,649050.191
MAQ,128.0208778
MAS,21065.90796
MAU,2066.154179
MCI,15.05814057
MCS,6.730896633
MDG,596097.7483
MDR,827.4317918
MDV,141.3971243
MIC,250786.3178
MIN,224916.0511
MLI,1259172.305
MLW,119237.2544
MLY,133033.37
MNT,380823.2261
MOL,60135.34762
MON,1562335.719
MOR,404500.3285
MOZ,790764.1523
MPE,337.9099564
MRN,1199.565515
MRQ,1093.438207
MRS,130.1122987
MRY,25622.7595
MSI,124422.9561
MSO,180686.8037
MTN,1043770.085
MXC,66626.32144
MXE,874670.7819
MXG,71543.85784
MXI,547.5293146
MXN,384213.1215
MXS,330885.0792
MXT,237825.328
MYA,671443.9766
NAM,808503.9601
NAT,93063.70953
NBR,72812.83333
NCA,128471.0993
NCB,1878.030697
NCS,253487.1143
NDA,182447.405
NEB,200316.7742
NEP,147746.6602
NET,35726.74139
NEV,287037.5173
NFK,63.43060839
NFL,112039.4982
NGA,914383.196
NGR,1188527.537
NIC,128901.958
NLA,797.095233
NNS,2116.774775
NOR,320492.6941
NRU,29.11096271
NSC,55338.79413
NSW,807204.184
NTA,1355725.069
NUE,254.0775412
NUN,2067045.268
NWC,19326.31959
NWG,821815.285
NWH,24211.17798
NWJ,19858.70256
NWM,315890.4269
NWT,1339262.435
NWY,137099.0652
NZN,114795.3683
NZS,152951.8388
OFS,130465.6297
OGA,76.8548549
OHI,116531.3517
OKL,181540.0689
OMA,310457.5381
ONT,1074862.425
ORE,251406.3515
PAK,797887.701
PAL,116537.6942
PAN,75010.68798
PAR,400664.5699
PEI,5993.015616
PEN,119427.5626
PER,1299039.479
PHI,296511.8865
PHX,91.27126307
PIT,53.87786381
POL,311186.6641
POR,88706.63091
PRM,164934.6446
PUE,9296.095582
QLD,1737208.388
QUE,1510491.86
REU,2658.228746
RHO,2729.278276
ROD,117.0929842
ROM,237332.2657
RUC,850935.2906
RUE,733971.4563
RUN,1357654.081
RUS,436619.6532
RUW,194594.2609
RWA,25311.82707
SAK,75358.19747
SAM,3191.173563
SAR,24164.97491
SAS,650582.0707
SAU,1963444.766
SCA,80735.37191
SCI,1538.159074
SCS,22.4679455
SCZ,857.0656097
SDA,198731.8547
SEL,1.870087694
SEN,197219.7275
SEY,330.6876974
SGE,3606.832098
SIC,26093.22313
SIE,72964.59662
SIN,56884.24078
SOA,986646.2293
SOL,37113.28405
SOM,640481.4823
SPA,494562.3099
SRL,66719.59522
SSA,278.2569414
STH,133.7918777
SUD,2517201.919
SUL,187249.8224
SUM,474100.3803
SUR,145984.6564
SVA,62642.97613
SWC,357.7206489
SWE,444709.3205
SWI,41490.37185
SWZ,17190.85569
TAI,36327.30394
TAN,947555.2992
TAS,68551.29936
TCI,422.1803228
TCS,185708.5407
TDC,171.1998702
TEN,109167.9024
TEX,687033.3802
THA,515784.1659
TKM,472368.6086
TOG,57493.49912
TOK,64.83552219
TON,780.272857
TRT,5061.126902
TUA,289.8767637
TUB,99.3264097
TUN,155772.579
TUR,781106.9077
TUV,53.17173973
TVA,169430.4054
TVL,337167.0252
TZK,142603.0776
UGA,243693.5532
UKR,605242.7559
URU,178338.3464
UTA,220078.2508
UZB,446992.2701
VAN,12770.46206
VEN,916140.1356
VER,24704.87469
VIC,228313.0011
VIE,327336.6003
VNA,1410.153891
VRG,104101.2043
WAK,19.63637813
WAL,167.3588772
WAS,174373.8068
WAU,2538253.927
WDC,160.2479349
WHM,294512.5409
WIN,3825.750459
WIS,169727.1092
WSA,270173.1835
WSB,2555614.871
WVA,62626.34007
WYO,254506.0748
XMS,124.7522917
YAK,3056460.764
YEM,426316.5076
YUG,255594.202
YUK,483258.4471
ZAI,2342234.457
ZAM,756410.7086
ZIM,391924.6095
